Workbook
Name BANCOS: 'BASE BANCOS'!$B$1:$B$86

Sheet BASE BANCOS
A1: INICIO CLABE | B1: INSTITUCIÓN | C1: PARTICIPANTE
A2: =RIGHT(C2,3) -> 138 | B2: ABC CAPITAL | C2: 40138
A3: =RIGHT(C3,3) -> 133 | B3: ACTINVER | C3: 40133
A4: =RIGHT(C4,3) -> 062 | B4: AFIRME | C4: 40062
A5: =RIGHT(C5,3) -> 706 | B5: ARCUS | C5: 90706
A6: =RIGHT(C6,3) -> 659 | B6: ASP INTEGRA OPC | C6: 90659
A7: =RIGHT(C7,3) -> 128 | B7: AUTOFIN | C7: 40128
A8: =RIGHT(C8,3) -> 127 | B8: AZTECA | C8: 40127
A9: =RIGHT(C9,3) -> 166 | B9: BaBien | C9: 37166
A10: =RIGHT(C10,3) -> 030 | B10: BAJIO | C10: 40030
A11: =RIGHT(C11,3) -> 002 | B11: BANAMEX | C11: 40002
A12: =RIGHT(C12,3) -> 154 | B12: BANCO COVALTO | C12: 40154
A13: =RIGHT(C13,3) -> 160 | B13: BANCO S3 | C13: 40160
... A88: =RIGHT(C88,3) -> 141 | B88: VOLKSWAGEN | C88: 40141

Sheet Archivo de dispersion
A1: PARTICIPANTE | B1: CLAVE BANCO | D1: EXTRACCION INSTITUCION | E1: Largo | F1: CUENTA_BENEFICIARIO | G1: SELECCION BANCO | H1: CLAVE_RASTREO | I1: NOMBRE_BENEFICIARIO | J1: RFC_CURP_BENEFICIARIO | K1: TIPO_PAGO | L1: TIPO_CUENTA_BENEFICIARIO | M1: MONTO | N1: CONCEPTO_PAGO | O1: REFERENCIA_NUMERICA | P1: INSTITUCION_OPERANTE | Q1: EMPRESA
A2: =IF(C2="",VLOOKUP(D2,'BASE BANCOS'!$A$1:$C$86,3,0),C2) -> #N/A | B2: =VLOOKUP($D2,'BASE BANCOS'!$A$1:$C$86,2,0) -> #N/A | C2: =IF(G2="","",VLOOKUP($D2,'BASE BANCOS'!$B$1:$C$86,2,0)) | D2: =IF(LEN(F2)>=17,MID(F2,1,3),G2) -> 0 | E2: =IF(LEN(F2)=0,"",LEN(F2)) | K2: =IF(E2=18,1,IF(E2=16,1,IF(E2=10,1,0))) -> 0 | L2: =IF(E2=18,40,IF(E2=16,3,IF(E2=10,10,0))) -> 0 | P2: =IF(E2=18,90646,IF(E2=16,90646,IF(E2=10,90646,0))) -> 0
A3: =IF(C3="",VLOOKUP(D3,'BASE BANCOS'!$A$1:$C$86,3,0),C3) -> #N/A | B3: =VLOOKUP($D3,'BASE BANCOS'!$A$1:$C$86,2,0) -> #N/A | C3: =IF(G3="","",VLOOKUP($D3,'BASE BANCOS'!$B$1:$C$86,2,0)) | D3: =IF(LEN(F3)>=17,MID(F3,1,3),G3) -> 0 | E3: =IF(LEN(F3)=0,"",LEN(F3)) | K3: =IF(E3=18,1,IF(E3=16,1,IF(E3=10,1,0))) -> 0 | L3: =IF(E3=18,40,IF(E3=16,3,IF(E3=10,10,0))) -> 0 | P3: =IF(E3=18,90646,IF(E3=16,90646,IF(E3=10,90646,0))) -> 0
A4: =IF(C4="",VLOOKUP(D4,'BASE BANCOS'!$A$1:$C$86,3,0),C4) -> #N/A | B4: =VLOOKUP($D4,'BASE BANCOS'!$A$1:$C$86,2,0) -> #N/A | C4: =IF(G4="","",VLOOKUP($D4,'BASE BANCOS'!$B$1:$C$86,2,0)) | D4: =IF(LEN(F4)>=17,MID(F4,1,3),G4) -> 0 | E4: =IF(LEN(F4)=0,"",LEN(F4)) | K4: =IF(E4=18,1,IF(E4=16,1,IF(E4=10,1,0))) -> 0 | L4: =IF(E4=18,40,IF(E4=16,3,IF(E4=10,10,0))) -> 0 | P4: =IF(E4=18,90646,IF(E4=16,90646,IF(E4=10,90646,0))) -> 0
A5: =IF(C5="",VLOOKUP(D5,'BASE BANCOS'!$A$1:$C$86,3,0),C5) -> #N/A | B5: =VLOOKUP($D5,'BASE BANCOS'!$A$1:$C$86,2,0) -> #N/A | C5: =IF(G5="","",VLOOKUP($D5,'BASE BANCOS'!$B$1:$C$86,2,0)) | D5: =IF(LEN(F5)>=17,MID(F5,1,3),G5) -> 0 | E5: =IF(LEN(F5)=0,"",LEN(F5)) | K5: =IF(E5=18,1,IF(E5=16,1,IF(E5=10,1,0))) -> 0 | L5: =IF(E5=18,40,IF(E5=16,3,IF(E5=10,10,0))) -> 0 | P5: =IF(E5=18,90646,IF(E5=16,90646,IF(E5=10,90646,0))) -> 0
A6: =IF(C6="",VLOOKUP(D6,'BASE BANCOS'!$A$1:$C$86,3,0),C6) -> #N/A | B6: =VLOOKUP($D6,'BASE BANCOS'!$A$1:$C$86,2,0) -> #N/A | C6: =IF(G6="","",VLOOKUP($D6,'BASE BANCOS'!$B$1:$C$86,2,0)) | D6: =IF(LEN(F6)>=17,MID(F6,1,3),G6) -> 0 | E6: =IF(LEN(F6)=0,"",LEN(F6)) | K6: =IF(E6=18,1,IF(E6=16,1,IF(E6=10,1,0))) -> 0 | L6: =IF(E6=18,40,IF(E6=16,3,IF(E6=10,10,0))) -> 0 | P6: =IF(E6=18,90646,IF(E6=16,90646,IF(E6=10,90646,0))) -> 0
A7: =IF(C7="",VLOOKUP(D7,'BASE BANCOS'!$A$1:$C$86,3,0),C7) -> #N/A | B7: =VLOOKUP($D7,'BASE BANCOS'!$A$1:$C$86,2,0) -> #N/A | C7: =IF(G7="","",VLOOKUP($D7,'BASE BANCOS'!$B$1:$C$86,2,0)) | D7: =IF(LEN(F7)>=17,MID(F7,1,3),G7) -> 0 | E7: =IF(LEN(F7)=0,"",LEN(F7)) | K7: =IF(E7=18,1,IF(E7=16,1,IF(E7=10,1,0))) -> 0 | L7: =IF(E7=18,40,IF(E7=16,3,IF(E7=10,10,0))) -> 0 | P7: =IF(E7=18,90646,IF(E7=16,90646,IF(E7=10,90646,0))) -> 0
A8: =IF(C8="",VLOOKUP(D8,'BASE BANCOS'!$A$1:$C$86,3,0),C8) -> #N/A | B8: =VLOOKUP($D8,'BASE BANCOS'!$A$1:$C$86,2,0) -> #N/A | C8: =IF(G8="","",VLOOKUP($D8,'BASE BANCOS'!$B$1:$C$86,2,0)) | D8: =IF(LEN(F8)>=17,MID(F8,1,3),G8) -> 0 | E8: =IF(LEN(F8)=0,"",LEN(F8)) | K8: =IF(E8=18,1,IF(E8=16,1,IF(E8=10,1,0))) -> 0 | L8: =IF(E8=18,40,IF(E8=16,3,IF(E8=10,10,0))) -> 0 | P8: =IF(E8=18,90646,IF(E8=16,90646,IF(E8=10,90646,0))) -> 0
A9: =IF(C9="",VLOOKUP(D9,'BASE BANCOS'!$A$1:$C$86,3,0),C9) -> #N/A | B9: =VLOOKUP($D9,'BASE BANCOS'!$A$1:$C$86,2,0) -> #N/A | C9: =IF(G9="","",VLOOKUP($D9,'BASE BANCOS'!$B$1:$C$86,2,0)) | D9: =IF(LEN(F9)>=17,MID(F9,1,3),G9) -> 0 | E9: =IF(LEN(F9)=0,"",LEN(F9)) | K9: =IF(E9=18,1,IF(E9=16,1,IF(E9=10,1,0))) -> 0 | L9: =IF(E9=18,40,IF(E9=16,3,IF(E9=10,10,0))) -> 0 | P9: =IF(E9=18,90646,IF(E9=16,90646,IF(E9=10,90646,0))) -> 0
A10: =IF(C10="",VLOOKUP(D10,'BASE BANCOS'!$A$1:$C$86,3,0),C10) -> #N/A | B10: =VLOOKUP($D10,'BASE BANCOS'!$A$1:$C$86,2,0) -> #N/A | C10: =IF(G10="","",VLOOKUP($D10,'BASE BANCOS'!$B$1:$C$86,2,0)) | D10: =IF(LEN(F10)>=17,MID(F10,1,3),G10) -> 0 | E10: =IF(LEN(F10)=0,"",LEN(F10)) | K10: =IF(E10=18,1,IF(E10=16,1,IF(E10=10,1,0))) -> 0 | L10: =IF(E10=18,40,IF(E10=16,3,IF(E10=10,10,0))) -> 0 | P10: =IF(E10=18,90646,IF(E10=16,90646,IF(E10=10,90646,0))) -> 0
A11: =IF(C11="",VLOOKUP(D11,'BASE BANCOS'!$A$1:$C$86,3,0),C11) -> #N/A | B11: =VLOOKUP($D11,'BASE BANCOS'!$A$1:$C$86,2,0) -> #N/A | C11: =IF(G11="","",VLOOKUP($D11,'BASE BANCOS'!$B$1:$C$86,2,0)) | D11: =IF(LEN(F11)>=17,MID(F11,1,3),G11) -> 0 | E11: =IF(LEN(F11)=0,"",LEN(F11)) | K11: =IF(E11=18,1,IF(E11=16,1,IF(E11=10,1,0))) -> 0 | L11: =IF(E11=18,40,IF(E11=16,3,IF(E11=10,10,0))) -> 0 | P11: =IF(E11=18,90646,IF(E11=16,90646,IF(E11=10,90646,0))) -> 0
A12: =IF(C12="",VLOOKUP(D12,'BASE BANCOS'!$A$1:$C$86,3,0),C12) -> #N/A | B12: =VLOOKUP($D12,'BASE BANCOS'!$A$1:$C$86,2,0) -> #N/A | C12: =IF(G12="","",VLOOKUP($D12,'BASE BANCOS'!$B$1:$C$86,2,0)) | D12: =IF(LEN(F12)>=17,MID(F12,1,3),G12) -> 0 | E12: =IF(LEN(F12)=0,"",LEN(F12)) | K12: =IF(E12=18,1,IF(E12=16,1,IF(E12=10,1,0))) -> 0 | L12: =IF(E12=18,40,IF(E12=16,3,IF(E12=10,10,0))) -> 0 | P12: =IF(E12=18,90646,IF(E12=16,90646,IF(E12=10,90646,0))) -> 0
A13: =IF(C13="",VLOOKUP(D13,'BASE BANCOS'!$A$1:$C$86,3,0),C13) -> #N/A | B13: =VLOOKUP($D13,'BASE BANCOS'!$A$1:$C$86,2,0) -> #N/A | C13: =IF(G13="","",VLOOKUP($D13,'BASE BANCOS'!$B$1:$C$86,2,0)) | D13: =IF(LEN(F13)>=17,MID(F13,1,3),G13) -> 0 | E13: =IF(LEN(F13)=0,"",LEN(F13)) | K13: =IF(E13=18,1,IF(E13=16,1,IF(E13=10,1,0))) -> 0 | L13: =IF(E13=18,40,IF(E13=16,3,IF(E13=10,10,0))) -> 0 | P13: =IF(E13=18,90646,IF(E13=16,90646,IF(E13=10,90646,0))) -> 0
... A4997: =IF(C4997="",VLOOKUP(D4997,'BASE BANCOS'!$A$1:$C$86,3,0),C4997) -> #N/A | B4997: =VLOOKUP($D4997,'BASE BANCOS'!$A$1:$C$86,2,0) -> #N/A | C4997: =IF(G4997="","",VLOOKUP($D4997,'BASE BANCOS'!$B$1:$C$86,2,0)) | D4997: =IF(LEN(F4997)>=17,MID(F4997,1,3),G4997) -> 0 | E4997: =IF(LEN(F4997)=0,"",LEN(F4997)) | K4997: =IF(E4997=18,1,IF(E4997=16,1,IF(E4997=10,1,0))) -> 0 | L4997: =IF(E4997=18,40,IF(E4997=16,3,IF(E4997=10,10,0))) -> 0 | P4997: =IF(E4997=18,90646,IF(E4997=16,90646,IF(E4997=10,90646,0))) -> 0

Sheet Layout para pagos
A1: INSTITUCION_CONTRAPARTE | B1: CLAVE_RASTREO | C1: NOMBRE_BENEFICIARIO | D1: RFC_CURP_BENEFICIARIO | E1: TIPO_PAGO | F1: TIPO_CUENTA_BENEFICIARIO | G1: MONTO | H1: CUENTA_BENEFICIARIO | I1: CONCEPTO_PAGO | J1: REFERENCIA_NUMERICA | K1: INSTITUCION_OPERANTE | L1: EMPRESA
A2: =+'Archivo de dispersion'!A2 -> #N/A | B2: =+'Archivo de dispersion'!H2 -> 0 | C2: =+'Archivo de dispersion'!I2 -> 0 | D2: =+'Archivo de dispersion'!J2 -> 0 | E2: =+'Archivo de dispersion'!K2 -> 0 | F2: =+'Archivo de dispersion'!L2 -> 0 | G2: =+'Archivo de dispersion'!M2 -> 0 | H2: =+'Archivo de dispersion'!F2 -> 0 | I2: =+'Archivo de dispersion'!N2 -> 0 | J2: =+'Archivo de dispersion'!O2 -> 0 | K2: =+'Archivo de dispersion'!P2 -> 0 | L2: =+'Archivo de dispersion'!Q2 -> 0
A3: =+'Archivo de dispersion'!A3 -> #N/A | B3: =+'Archivo de dispersion'!H3 -> 0 | C3: =+'Archivo de dispersion'!I3 -> 0 | D3: =+'Archivo de dispersion'!J3 -> 0 | E3: =+'Archivo de dispersion'!K3 -> 0 | F3: =+'Archivo de dispersion'!L3 -> 0 | G3: =+'Archivo de dispersion'!M3 -> 0 | H3: =+'Archivo de dispersion'!F3 -> 0 | I3: =+'Archivo de dispersion'!N3 -> 0 | J3: =+'Archivo de dispersion'!O3 -> 0 | K3: =+'Archivo de dispersion'!P3 -> 0 | L3: =+'Archivo de dispersion'!Q3 -> 0
A4: =+'Archivo de dispersion'!A4 -> #N/A | B4: =+'Archivo de dispersion'!H4 -> 0 | C4: =+'Archivo de dispersion'!I4 -> 0 | D4: =+'Archivo de dispersion'!J4 -> 0 | E4: =+'Archivo de dispersion'!K4 -> 0 | F4: =+'Archivo de dispersion'!L4 -> 0 | G4: =+'Archivo de dispersion'!M4 -> 0 | H4: =+'Archivo de dispersion'!F4 -> 0 | I4: =+'Archivo de dispersion'!N4 -> 0 | J4: =+'Archivo de dispersion'!O4 -> 0 | K4: =+'Archivo de dispersion'!P4 -> 0 | L4: =+'Archivo de dispersion'!Q4 -> 0
A5: =+'Archivo de dispersion'!A5 -> #N/A | B5: =+'Archivo de dispersion'!H5 -> 0 | C5: =+'Archivo de dispersion'!I5 -> 0 | D5: =+'Archivo de dispersion'!J5 -> 0 | E5: =+'Archivo de dispersion'!K5 -> 0 | F5: =+'Archivo de dispersion'!L5 -> 0 | G5: =+'Archivo de dispersion'!M5 -> 0 | H5: =+'Archivo de dispersion'!F5 -> 0 | I5: =+'Archivo de dispersion'!N5 -> 0 | J5: =+'Archivo de dispersion'!O5 -> 0 | K5: =+'Archivo de dispersion'!P5 -> 0 | L5: =+'Archivo de dispersion'!Q5 -> 0
A6: =+'Archivo de dispersion'!A6 -> #N/A | B6: =+'Archivo de dispersion'!H6 -> 0 | C6: =+'Archivo de dispersion'!I6 -> 0 | D6: =+'Archivo de dispersion'!J6 -> 0 | E6: =+'Archivo de dispersion'!K6 -> 0 | F6: =+'Archivo de dispersion'!L6 -> 0 | G6: =+'Archivo de dispersion'!M6 -> 0 | H6: =+'Archivo de dispersion'!F6 -> 0 | I6: =+'Archivo de dispersion'!N6 -> 0 | J6: =+'Archivo de dispersion'!O6 -> 0 | K6: =+'Archivo de dispersion'!P6 -> 0 | L6: =+'Archivo de dispersion'!Q6 -> 0
A7: =+'Archivo de dispersion'!A7 -> #N/A | B7: =+'Archivo de dispersion'!H7 -> 0 | C7: =+'Archivo de dispersion'!I7 -> 0 | D7: =+'Archivo de dispersion'!J7 -> 0 | E7: =+'Archivo de dispersion'!K7 -> 0 | F7: =+'Archivo de dispersion'!L7 -> 0 | G7: =+'Archivo de dispersion'!M7 -> 0 | H7: =+'Archivo de dispersion'!F7 -> 0 | I7: =+'Archivo de dispersion'!N7 -> 0 | J7: =+'Archivo de dispersion'!O7 -> 0 | K7: =+'Archivo de dispersion'!P7 -> 0 | L7: =+'Archivo de dispersion'!Q7 -> 0
A8: =+'Archivo de dispersion'!A8 -> #N/A | B8: =+'Archivo de dispersion'!H8 -> 0 | C8: =+'Archivo de dispersion'!I8 -> 0 | D8: =+'Archivo de dispersion'!J8 -> 0 | E8: =+'Archivo de dispersion'!K8 -> 0 | F8: =+'Archivo de dispersion'!L8 -> 0 | G8: =+'Archivo de dispersion'!M8 -> 0 | H8: =+'Archivo de dispersion'!F8 -> 0 | I8: =+'Archivo de dispersion'!N8 -> 0 | J8: =+'Archivo de dispersion'!O8 -> 0 | K8: =+'Archivo de dispersion'!P8 -> 0 | L8: =+'Archivo de dispersion'!Q8 -> 0
A9: =+'Archivo de dispersion'!A9 -> #N/A | B9: =+'Archivo de dispersion'!H9 -> 0 | C9: =+'Archivo de dispersion'!I9 -> 0 | D9: =+'Archivo de dispersion'!J9 -> 0 | E9: =+'Archivo de dispersion'!K9 -> 0 | F9: =+'Archivo de dispersion'!L9 -> 0 | G9: =+'Archivo de dispersion'!M9 -> 0 | H9: =+'Archivo de dispersion'!F9 -> 0 | I9: =+'Archivo de dispersion'!N9 -> 0 | J9: =+'Archivo de dispersion'!O9 -> 0 | K9: =+'Archivo de dispersion'!P9 -> 0 | L9: =+'Archivo de dispersion'!Q9 -> 0
A10: =+'Archivo de dispersion'!A10 -> #N/A | B10: =+'Archivo de dispersion'!H10 -> 0 | C10: =+'Archivo de dispersion'!I10 -> 0 | D10: =+'Archivo de dispersion'!J10 -> 0 | E10: =+'Archivo de dispersion'!K10 -> 0 | F10: =+'Archivo de dispersion'!L10 -> 0 | G10: =+'Archivo de dispersion'!M10 -> 0 | H10: =+'Archivo de dispersion'!F10 -> 0 | I10: =+'Archivo de dispersion'!N10 -> 0 | J10: =+'Archivo de dispersion'!O10 -> 0 | K10: =+'Archivo de dispersion'!P10 -> 0 | L10: =+'Archivo de dispersion'!Q10 -> 0
A11: =+'Archivo de dispersion'!A11 -> #N/A | B11: =+'Archivo de dispersion'!H11 -> 0 | C11: =+'Archivo de dispersion'!I11 -> 0 | D11: =+'Archivo de dispersion'!J11 -> 0 | E11: =+'Archivo de dispersion'!K11 -> 0 | F11: =+'Archivo de dispersion'!L11 -> 0 | G11: =+'Archivo de dispersion'!M11 -> 0 | H11: =+'Archivo de dispersion'!F11 -> 0 | I11: =+'Archivo de dispersion'!N11 -> 0 | J11: =+'Archivo de dispersion'!O11 -> 0 | K11: =+'Archivo de dispersion'!P11 -> 0 | L11: =+'Archivo de dispersion'!Q11 -> 0
A12: =+'Archivo de dispersion'!A12 -> #N/A | B12: =+'Archivo de dispersion'!H12 -> 0 | C12: =+'Archivo de dispersion'!I12 -> 0 | D12: =+'Archivo de dispersion'!J12 -> 0 | E12: =+'Archivo de dispersion'!K12 -> 0 | F12: =+'Archivo de dispersion'!L12 -> 0 | G12: =+'Archivo de dispersion'!M12 -> 0 | H12: =+'Archivo de dispersion'!F12 -> 0 | I12: =+'Archivo de dispersion'!N12 -> 0 | J12: =+'Archivo de dispersion'!O12 -> 0 | K12: =+'Archivo de dispersion'!P12 -> 0 | L12: =+'Archivo de dispersion'!Q12 -> 0
A13: =+'Archivo de dispersion'!A13 -> #N/A | B13: =+'Archivo de dispersion'!H13 -> 0 | C13: =+'Archivo de dispersion'!I13 -> 0 | D13: =+'Archivo de dispersion'!J13 -> 0 | E13: =+'Archivo de dispersion'!K13 -> 0 | F13: =+'Archivo de dispersion'!L13 -> 0 | G13: =+'Archivo de dispersion'!M13 -> 0 | H13: =+'Archivo de dispersion'!F13 -> 0 | I13: =+'Archivo de dispersion'!N13 -> 0 | J13: =+'Archivo de dispersion'!O13 -> 0 | K13: =+'Archivo de dispersion'!P13 -> 0 | L13: =+'Archivo de dispersion'!Q13 -> 0
... A4997: =+'Archivo de dispersion'!A4997 -> #N/A | B4997: =+'Archivo de dispersion'!H4997 -> 0 | C4997: =+'Archivo de dispersion'!I4997 -> 0 | D4997: =+'Archivo de dispersion'!J4997 -> 0 | E4997: =+'Archivo de dispersion'!K4997 -> 0 | F4997: =+'Archivo de dispersion'!L4997 -> 0 | G4997: =+'Archivo de dispersion'!M4997 -> 0 | H4997: =+'Archivo de dispersion'!F4997 -> 0 | I4997: =+'Archivo de dispersion'!N4997 -> 0 | J4997: =+'Archivo de dispersion'!O4997 -> 0 | K4997: =+'Archivo de dispersion'!P4997 -> 0 | L4997: =+'Archivo de dispersion'!Q4997 -> 0
